Name,Place,Town Name,Phone Number,Overall Rating,Rating,Pricelist,Best Selling,Hot Trending,Average Daily Profit,Average Daily Customers,Most Crowded Day
Bhadariya Hotel,"Mc Road, Angamaly, Ernakulam - 683572, Near Jumma Masjid ",Angamaly,0484 2455407,3.62,3.6,                ? 500 - 1000,Appam with Stew,Parota with beef curry,60000,500,Wednesday
Hotel Aryaas,"NH544, Angamaly, Kerala 683572",Angamaly,9089112321,3.9,3.9,                ? 500 - 1000,Poori Masala,Baby Corn Masala Dosa,90000,300,Saturday
Salkkaar Restaurant,"MC Rd, opposite HDFC Bank, East Nagar, Kavaraparmbu, Angamaly, Kerala 683572",Angamaly,9207235235,4.2,4.3,                ? 500 - 1000,Beef Biriyani,Wayanadan Beef,100000,350,Monday
Street Lights Restayrant,"TB Nagar 1st street, Angamaly, Kerala 683572",Angamaly,9023299902,4.64,4.6,                ? 500 - 1000,omelette,Kappa and Meen Curry,100000,370,Friday
Hotel Ananda Bhavan,"EN 95, SH 1, Angamaly, 683572",Angamaly,0484 2452361,3.82,3.8,                ? 500 - 1000,Veg Meals,Paper roast,102000,450,Tuesday
Greenpeace," T B JUNCTION, Angamaly, Kerala 683572",Angamaly,9074648528,3.62,3.6,                ? 500 - 1000,Chicken Biriyani,Appan with Duck Roast,110000,500,Thursday
Alibaba & 41 Dishes by Bab Arabia,"59QM+GHJ, Opposite Sunny Silks, NH BANK Junction, VIP St, Angamaly, Kerala 683572",Angamaly,9567751555,3.91,3.9,                ? 500 - 1000,Chicken Wings,Kapama Beef Rice,130000,550,Saturday
Sulaimani,"2nd floor ,basil tower, National Highway 47, opp. orma marbles, Kothakulangara, Angamaly, Kerala 683572",Angamaly,8281607737,4,4,                ? 500 - 1000,Beef Biriyani,Porotta,45000,200,Friday
Chi Hao,"Janatha building , Bank junction, Angamaly, Angamaly, Kerala 683572",Angamaly,9061106359,4,4,                ? 500 - 1000,Chilly Pork,Schezwan Chicken Fried Rice,50000,350,Saturday
Angamaly Dhaba and Chapathi,"115, SH 1, Kavaraparmbu, Angamaly, Kerala 683572",Angamaly,9745606584,3.51,3.5,                ? 500 - 1000,Grilled Chicken,Mixed Fried Rice,80000,700,Sunday
Chicwings,"59QP+M6J, E Church Rd, Angamaly, Kerala 683572",Angamaly,7089760556,3.93,3.9,                ? 500 - 1000,Sandwiches,Chicken Popcorn,70000,750,Monday
Hotel Paris,"Old Market Rd, Angamaly, Kerala 683572",Angamaly,9447178314,3.62,3.6,                ? 500 - 1000,Mixed Fried Rice,Al-Faham,90000,800,Wednesday
Kitchenlady Thattukada,"59RQ+R7Q, TB Nagar II St, Angamaly, Kerala 683572",Angamaly,9961254819,3.8,3.9,                ? 500 - 1000,Chicken Biriyani,Beef with Porotta,95000,850,Friday
Orange Family Restaurant A/C,"59WP+38R, NH544, Angamaly, Kerala 683572",Angamaly,0484 2471070,3.6,3.6,                ? 500 - 1000,Chicken Biriyani,Shawarma,100000,900,Wednesday
Dharmoo's Kitchen," 59RQ+RFR, Angamaly, Kerala 683572",Angamaly,0484 2472611,3.73,3.7,                ? 500 - 1000,Fish Biriyani,Kizhi Porotta,120000,950,Saturday
Arafa Manjali Biriyani,"59RQ+J9C, Angamaly, Kerala 683572",Angamaly,9656430025,3.71,3.7,                ? 500 - 1000,Biriyani,Grilled Chicken,125000,1000,Sunday
Hotel Malabar,"EN 95, SH 1, Angamaly, Kerala 683572",Angamaly,9876897867,3.54,3.5,                ? 500 - 1000,Chicken Biriyani,Grilled Chicken,130000,1050,Saturday
KL 63 Garden's 24 Hours Food Court,"SH 1, Angamaly, Kerala 683572",Angamaly,9072440990,3.7,3.7,                ? 500 - 1000,Chicken Sandwich,Dbeef Burger,150000,1100,Saturday
Domino's Pizza,"Ground Floor & First Floor, Block-11, Thandapper-18569 Taluka Aluva, Angamaly, Kerala 683572",Angamaly,18002081234,4.1,4.1,                ? 500 - 1000,Chicken Sausage,Pepper Barbecue Chicken Pizza,50000,350,Tuesday
Mint Hill Restaurant,"59WP+2G5, NH 47, near KSRTC, Angamaly, Kerala 683572",Angamaly,9009989908,3.51,3.5,                ? 500 - 1000,Chapathi with Beef Roast,Chicken Biriyani,80000,700,Wednesday
Hotel Athidhi,"Near KSRTC bus stand, Angamaly, 683572",Angamaly,080-67466725,3.02,3,                ? 500 - 1000,Thali Meals(Veg),Veg Noodles,45000,200,Monday
Kerala Kitchen,"Payyapilly Bazar Bldng, Nh 47, Aluva Junction, Aluva, Ernakulam - 683101, Near to Seemas Textiles",Aluva,9995738964,4.03,4,                ? 500 - 1000,Thattu Dosa with Chutney,Parota with beef curry,50000,800,Thursday
Hotel New Aryas ,"XI/220, Pump Juntion, Aluva, Ernakulam - 683101, Railway Station Road",Aluva,          0484 6444116,3.62,3.6,                ? 500 - 1000,Spicy Chicken Fry,Seafood ,50000,1000,Sunday
Diner Palace Restaurant,"Aluva, Metro Piller No, 28, Aluva Flyover, Kerala 683101",Aluva,9633638333,4.81,4.8,                ? 500 - 1000,Chicken Fried Rice,Ziba Special Lime Juice,50000,350,Saturday
Manchatti Restaurant,"Paravoor Rd, near UCC College, Thottakkattukara, Aluva, Kerala 683102",Aluva,9037171031,3.87,3.9,                ? 500 - 1000,Pepper Chicken,Beef Kizhi Porotta,80000,700,Friday
The Grand Hotel ,"4962+8W4, Civil Station Rd, Periyar Nagar, Aluva, Kerala 683101",Aluva,9876540909,4.23,4.2,                ? 500 - 1000,Mutton Biriyani,Beef Fry and Pathiri,45000,200,Saturday
Shenoy's Pure Veg Hotel,"Parat Ln, near Pulinchodu, Kunnathery Thikavu, Aluva, Kerala 683101",Aluva,9846120884,4.2,4.2,                ? 500 - 1000,Shenoys Special Masala Dosa,Paneer Dosa,50000,800,Monday
Al Taza,"Ground floor, Radhani Developers, service road, Pulinchodu Junction, Aluva, Kerala 683101",Aluva,099953 20044,4.43,4.4,                ? 500 - 1000,Whole Meat Chicken Shawarma,Shawarma Burger,50000,1000,Friday
Hotel Zaitoon ,"Periyar Nagar, KII/229(1), Railway Station Rd, Laxmanas Square, Opposite To Railway Station, Railway Station Rd, Laxmanas Square, Opposite To Railway Station, Periyar Nagar, Kochi, Kerala 683101",Aluva,9122134902,2.51,2.5,                ? 500 - 1000,Meals,Chapathi with chicken,100000,10000,Tuesday
Hotel Paradise,"4944+RFP, Railway Station Rd, Near K.S.R.T.C, Periyar Nagar, Kochi, Kerala 683101",Aluva,9747583533,3.59,3.6,                ? 500 - 1000,Masala Dosa,Veg Biriyani,70000,750,Tuesday
Pachamama Artcafe,"498G+6VJ, Thottumugham, Aluva, Kerala 683105",Aluva,9746575765,4.56,4.6,                ? 500 - 1000,Tomato Bruschetta,Egg Sandwich with Brown Bread,90000,800,Saturday
Taj Hotel,"4942+3GH, Alwaye - Ernakulam Rd, Aluva Bazaar, Kunnathery Thikavu, Aluva, Kerala 683101",Aluva,9567054795,3.29,3.3,                ? 500 - 1000,Egg Curry with Idiyappam,,95000,850,Friday
Iftar hotel,"Bank Junction, Karshakashree, Aluva, Kochi, Kerala 683101",Aluva,9633624533,3.8,3.8,                ? 500 - 1000,Beef Roast Porotta,Chicken Kabsa,100000,900,Sunday
Biriyani Hut,"38XX+H23, Kunnathery Thikavu, Aluva, Kerala 683101",Aluva,9000800760,3.43,3.4,                ? 500 - 1000,Chicken Biriyani,Mutton Biriyani,60000,500,Saturday
Soofi Mandi,"Choornikkara, Aluva, Kerala 683501",Aluva,085898 72872,4.32,4.3,                ? 500 - 1000,Al Faham Mandi,Beef Mandi,90000,300,Wednesday
Al Safa Hotel,"49Q3+3CH, SH19, Aluva, Kerala 683102",Aluva,9234567654,3.9,4,                ? 500 - 1000,Kerala Paratha,Puttu Beef Curry,100000,350,Sunday
ALSAJ Restaurant,"495C+HQM, Aluva - Munnar Rd, Thottumugham, Aluva, Kerala 683105",Aluva,088917 13101,3.81,3.8,                ? 500 - 1000,Peri Peri Al Faham,Chatti Choru,800000,10000,Saturday
Sree Saravana bhavan,"Aluva Munnar Road, Perumbavoor, Ernakulam - 683545",Perumbavoor,9947707217,4.04,4,                ? 500 - 1000,Sadhya,Parota with beef curry,50000,350,Saturday
Apsara Hotel,"Signal Junction, Perumbavoor, Kerala 683542",Perumbavoor,093875 72993,4.21,4.2,                ? 500 - 1000,Mutton Biriyani,Mutton fry,100000,350,Saturday
Kunjappus Restaurant,"opp. bsnl, Perumbavoor, Kerala 683542",Perumbavoor,9811213343,4.18,4.2,                ? 500 - 1000,Ghee Rice and Beef Roast,Beef Curry,100000,370,Sunday
Oottupura Restaurant,"Hanan Manzil, Plot No. 264, Main Central Road, PO, Kanjirakkad, Perumbavoor, Kerala 683543",Perumbavoor,099478 75645,3.55,3.6,                ? 500 - 1000,Meals with Fish Fry,Fish Roast,102000,450,Monday
Saphire Family Restaurant,"Ground Floor, Madhava Mandiram, Adjacent to TMS Centre, SH 16, AM Rd, Perumbavoor, Kerala 683542",Perumbavoor,8989786876,3.82,3.8,                ? 500 - 1000,Chicken Biriyani,Beef Roast,110000,500,Tuesday
Hotel Annapoorna,"Kaduval Junction, Kanjirakad, SH 1, Perumbavoor, Kerala 683542",Perumbavoor,099619 91338,3.5,3.5,                ? 500 - 1000,Malasa Dosa,White Rice Meals,130000,550,Wednesday
Arabian Palace Perumbavoor,"park, Palakkattuthazham - Kandanthara Rd, Perumbavoor, Kerala 683547",Perumbavoor,088911 00600,3.98,4.1,1000-2000,Chicken Mandi,Chicken Spicy Kuzhimanthi,45000,200,Saturday
Royal Food Court,"4F79+QQ6, SH 16, Perumbavoor, Kerala 683542",Perumbavoor,0484 252 5271,3.91,3.9,                ? 500 - 1000,Tandoori Chicken,Royal Special Falooda,50000,350,Sunday
Kunjapus Biriyani Hut,"4F8G+3QW, Court Rd, Perumbavoor, Kerala 683542",Perumbavoor,7897656789,4.61,4.6,                ? 500 - 1000,Meals with Fish Fry,Mixed Fried Rice,80000,700,Saturday
Malabar Village Restaurant,"SH 1, opposite Reliance petrol pump, Perumbavoor, Kerala 683542",Perumbavoor,095443 10001,3.65,3.7,                ? 500 - 1000,Chicken Biriyani,Beef Roast,70000,750,Sunday
Zaina Arabian Food Court,"near Idea Office, State Highway, 1, Aluva - Munnar Rd, Perumbavoor, Kerala 683542",Perumbavoor,0484 252 4427,3.9,3.9,                ? 500 - 1000,Beef Roast Porotta,Chicken Kabsa,90000,800,Monday
Lakshmi Bhavan,"5C8Q+FVW, Kalady Malayattoor Road, Thalayattumpilli, Kalady, Kerala 683574",Kalady,098959 69984,4,4,                ? 500 - 1000,Poori Masala,Veg Meals,95000,850,Tuesday
Burger Inn Kalady,"near Gokulam chits, Kalady, Mattoor, Kalady, Kerala 683574",Kalady,077360 76300,4.3,4.3,                ? 500 - 1000,Bada Baap Burger,Royal Burger,100000,900,Wednesday
Eden hotel,"5CGC+V7H, SH 1, Mattoor, Kalady, Kerala 683574",Kalady,8687830902,3.67,3.7,                ? 500 - 1000,Meals,Chicken Biriyanu,120000,950,Thursday
Kasims Foods @ kalady,"Near sabari railway, road, Chengal, Kalady, Kerala 683574",Kalady,098952 47788,4.23,4.2,                ? 500 - 1000,Beef Burger,Burger Shawarma,80000,800,Friday
Pauly Chetan's Kappa Botti Shop(thattukada ),"5CCJ+842, Mattoor, Kalady, Kerala 683574",Kalady,8089878888,4.5,4.5,                ? 500 - 1000,Kaada Bulls Eye,Kappa Porl,60000,500,Saturday
Daddy Cafe,"Mattoor, Kalady, Kerala 683574",Kalady,9090989767,4.12,4.1,                ? 500 - 1000,Al Faham Mandi,Chicken Kuzhimanthi,90000,300,Sunday
Ruchi Hotel,"5CFG+94X, Mattoor, Kalady, Kerala 683574",Kalady,9545645432,5,5,                ? 500 - 1000,Chicken Biriyani,Beef Biriyani,100000,350,Monday
Prasad homly food,"5CCH+8J2, Mattoor, Kalady, Kerala 683574",Kalady,9447970676,3.82,3.8,                ? 500 - 1000,Al Faham Mandi,Chicken Kuzhimanthi,100000,370,Tuesday
Al-Rayyan kuzhimandhi,"5CCH+J4P, Mattoor, Kalady, Kerala 683574",Kalady,9447989786,4.23,4.2,                ? 500 - 1000,Beef Mandhi,Al-Faham,102000,450,Wednesday
Al Ladhidh Food Cafe,"Thalayattumpilli, Kalady, Kerala 683574",Kalady,081292 92819,4.34,4.3,                ? 500 - 1000,Chicken Biriyani,Barbeque Chicken Alfam,110000,500,Thursday
Mazha Street Style Restaurant,"5CCH+439, Kariyad - Airport - Mattoor Rd, Mattoor, Kalady, Kerala 683574",Kalady,9823344344,4.34,4.3,                ? 500 - 1000,Shawarma Plate,Peri Peri Al-Fahm,130000,550,Friday
Grand Malabar,"Athani, Nedumbassery, Ernakulam - 683585",Nedumbassery,9526551000,3.57,3.5,                ? 500 - 1000,Spicy Chicken Fry,sandwhich,45000,200,Wednesday
Diana Heights Multicuisine,"Nedumbassery, Ernakulam - 683585, Near Athani Junction, Cochin International Airport",Nedumbassery,          0484 2474160,4.09,4,                ? 500 - 1000,Parota with beef curry,Kappa meen curry,50000,350,Friday
Grand Malabar,"Airport Junction, Athani Ernakulam, Ernakulam - 683585, Near International Airport ",Nedumbassery,          0484 2477135,3.91,3.9,                ? 500 - 1000,Kappa and Meen Curry,Fried Prawns,80000,700,Sunday 
Salkara Restaurant,"National Highway 544, Airport Rd, Athani, Kochi, Kerala 683585",Nedumbassery,0484 247 7311,4.21,4.2,                ? 500 - 1000,Fish Curry Meals,Kanthari Beef,70000,750,Monday
Drunken panda,"5943+CH3, Athani, Kerala 683589",Athani,89721342312,3.02,3,                0-500,Chikku Shake,Chicken Sandwich,90000,800,Tuesday
Real Tasty Restaurant,"5935+3QR, Athani, Aluva, Kerala 683585",Athani,9009087003,4.21,4.2,                ? 500 - 1000,shawarma ,Grilled Chicken,95000,850,Wednesday
Desert Grill,"5923+VPM, Athani, Kerala 683585",Athani,0484 2266765,3.82,3.8,                ? 500 - 1000,Mexican Shawarma Roll,Peri Peri Al-Fahm,100000,900,Thursday
Usthad Hotel,"5943+5VJ, athani nedumbassery, Aluva, Kerala 683585",Athani,0484 2479010,4.24,4.2,                ? 500 - 1000,Chicken Biriyani,Fish Biriyani,120000,950,Friday
Usar ki kattan kushal ki puttu,"Cochin International Airport Entrance, Athani, Kerala 683585",Athani,097463 12121,3.75,3.7,                ? 500 - 1000,Chicken Biriyani,Beef Biriyani,125000,1000,Saturday
Baycholin Restaurant ,"Sea Port Airport Road, Chittethukara, Kakkanad, Ernakulam - 682030, Near to North Masjid ",Kakkanad,7994813246,3.81,3.8,                ? 500 - 1000,Fish Molee,sandwhich,130000,1050,Thursday
Kettuvallam Restaurant ,"Seaport Airport Road, Kakkanad, Ernakulam - 682037, Near T V Center ",Kakkanad,            90377 77060,3.82,3.8,                ? 500 - 1000,Naadan Kozhi Curry,Ghee Rice (NeyChoru),150000,1100,Monday
IdlyPura ,"Kuzhikattumoola, Infopark Kochi, Ernakulam - 682042",Kakkanad,97455701300,3.84,3.8,                ? 500 - 1000,Spicy Chicken Fry,Thalassery Biryani,50000,350,Saturday
Royal Food Court ,"Pukkattupady Road, Thrikkakara, Kakkanad, Ernakulam - 682030",Kakkanad,          0484 3306319,3.81,3.8,                ? 500 - 1000,Kerala Prawn Curry,Pizza,80000,700,Wednesday
Currymean ,"Ground Floor, Athulya Biulding, Infopark Road, Infopark Campus, Kakkanad, Ernakulam - 682030 ",Kakkanad,9388305551,3.94,3.9,                ? 500 - 1000,Fish Molee,Kappa Puzhukku,45000,200,Wednesday
Empire Plaza,"No.12/760-B2, B3, Kakkanad, Padamughal, Ernakulam - 682037",Kakkanad,8592831555,4.01,4,                ? 500 - 1000,Kerala Prawn Curry,Seafood ,50000,800,Tuesday
Fort Kitchen,"Seaport Airport Road Vallathol Junction, Thrikkakara, Ernakulam - 682021, Near Suberbun Club",Kakkanad,7947269780,3.58,3.5,                ? 500 - 1000,Beef Fry,kappa meen curry,50000,1000,Wednesday
Ifthar,"Edachira, Kakkanad, Ernakulam - 682030, Opposite Info Park ",Kakkanad,8589871451,3.72,3.7,                ? 500 - 1000,Chicken Biriyani,Fried Prawns,50000,350,Monday
Thaal Kitchen,"Kakkanad, Ernakulam - 682030, Near Rajagiri College",Kakkanad,9539099499,3.76,3.7,                ? 500 - 1000,Kappa and Meen Curry,Thalassery Biryani,80000,700,Tuesday                  
"Diwan's Durbar, Kakkanad","Infopark Rd, opp. Civil Station, Echamuku, Kakkanad, Kochi, Kerala 682030",Kakkanad,089433 39991,3.57,3.5,                ? 500 - 1000,Chicken Biriyani,Appan with Duck Roast,60000,500,Wednesday
Alakapuri Restaurant,"Infopark Rd, near Civil Station, Echamuku, Kakkanad, Kochi, Kerala 682030",Kakkanad,080863 33627,4.09,4,                ? 500 - 1000,Chicken Wings,Kapama Beef Rice,90000,300,Thursday
Palaaram Kakkanad,"Seethys Tower, Seaport - Airport Rd, Vallathol Junction, Vidya Nagar Colony, Thrikkakara, Kakkanad, Kerala 682021",Kakkanad,098465 75059,3.91,3.9,                ? 500 - 1000,Beef Biriyani,Porotta,100000,350,Friday
The Voyager (24/7),"Seaport - Airport Rd, Padamughal, Kakkanad, Kerala 682037",Kakkanad,096562 47247,4.21,4.2,                ? 500 - 1000,Chilly Pork,Schezwan Chicken Fried Rice,100000,370,Saturday
1947 An Indian Restaurant,"Infopark Rd, Kuzhikkattumoola, Kusumagiri, Kakkanad, Kerala 682030",Kakkanad,8009706050,3.02,3,                ? 500 - 1000,Grilled Chicken,Mixed Fried Rice,102000,450,Sunday
Nellikka Restaurant Kakkanad,"any time is kanji time - Opposite S.R.Heights Apartments, Rajagiri Valley Road, Infopark Expy, Kakkanad, Kerala 682030",Kakkanad,099467 18674,4.21,4.2,                ? 500 - 1000,Sandwiches,Chicken Popcorn,110000,500,Monday
Darbar Seafood Restaurant," Civil Line Rd, Echamuku, Kunnumpuram, Thrikkakara, Kakkanad, Kochi, Kerala 682021",Kakkanad,080898 8326,3.82,3.8,                ? 500 - 1000,Prawns Fry,Pasta with Cuttlefish ink,130000,550,Tuesday
Barkath Restaurant,"Ground floor,Municipal Complex, NGO Quarters, Kakkanad, Kochi, Kerala 682030",Kakkanad,099617 99360,4.24,4.2,                ? 500 - 1000,shawarma ,Grilled Chicken,45000,200,Wednesday
Golden Kitchen,"Near Infopark, opp. to Strawberry Tots, Kusumagiri, Kakkanad, Kochi, Kerala 682030",Kakkanad,9234923939,3.75,3.7,                ? 500 - 1000,Mexican Shawarma Roll,Peri Peri Al-Fahm,50000,350,Thursday
Malabar Plaza Family Restaurant,"Kakkanad Pallikara Rd, Kakkanad, Kerala 682030",Kakkanad,080894 93855,3.81,3.8,                ? 500 - 1000,Chicken Biriyani,Fish Biriyani,80000,700,Friday
Chakkarapanthal Restaurant,"Kuzhikkattumoola Muriyankara Road Kakkanad, Kochi, Kerala 682030",Kakkanad,8907855433,3.82,3.8,                ? 500 - 1000,Chicken Biriyani,Beef Biriyani,70000,750,Saturday
Amor Kitchen,"Infopark Expy, Infopark Campus, Kakkanad, Kerala 682030",Kakkanad,096458 97897,3.84,3.8,                ? 500 - 1000,Chicken Biriyani,Appan with Duck Roast,90000,800,Sunday
Toto restaurant,"Daily angadi complex, navodaya junction, Kakkanad, Kerala 682030",Kakkanad,079948 99949,3.88,3.8,                ? 500 - 1000,Chicken Wings,Kapama Beef Rice,95000,850,Monday
Grand Vattekkad restaurant,"2988+688, Kakkanad, Kerala 682030",Kakkanad,9008766554,3.81,3.8,                ? 500 - 1000,Beef Biriyani,Porotta,100000,900,Tuesday
Lighthouse Kitchen Kakkanad,"Civil Station, Thrikkakara, Kakkanad, Kerala 682030",Kakkanad,096336 39939,3.94,3.9,                ? 500 - 1000,Chilly Pork,Schezwan Chicken Fried Rice,130000,550,Wednesday
Le Hayath Multi cuisine Family Restaurant,"Mavelipuram Colony, Thrikkakara, Kakkanad, Kerala 682030",Kakkanad,097780 68856,4.01,4,                ? 500 - 1000,Grilled Chicken,Mixed Fried Rice,45000,200,Thursday
Veetile Oonu,"2925+P82, Kakkanad, Kerala 682030",Kakkanad,8007567800,3.58,3.5,                ? 500 - 1000,Meals with Fish Fry,Chapathi with chicken,50000,350,Friday
Hotel Galaxy Family Restaurant,"274e, Crash Rd, Colony Stop, Vazhakkala, Kochi, Kerala 682021",Kakkanad,0484 406 9106,3.72,3.7,                ? 500 - 1000,Prawns Fry,Pasta with Cuttlefish ink,80000,700,Saturday
Muziris Kitchen,"near Good Earth Hymns Of Life, Athani, Kakkanad, Kochi, Kerala 682030",Kakkanad,7898806220,3.76,3.7,                ? 500 - 1000,Grilled Chicken,Mixed Fried Rice,75000,600,Sunday
Alikkas Hotel ,"Kalamassery, Ernakulam - 683104, Near Post Office",Kalamassery,9995139595,3.69,3.6,                ? 500 - 1000,Idli Sambhar,Kappa Boti,35000,70,Thursday
Signature Cafe Spot ,"Kalamassery, Kochi University, Ernakulam - 682022, Opposite to Vijaya Bank",Kalamassery,8547767451,4.12,4.1,                ? 500 - 1000,Kappa and Meen Curry,Burger,28000,40,Saturday
Emarath Restaurant,"Metro Pillar No, 288, TVS Signal Jn, South Kalamassery, Kalamassery, Kochi, Kerala 683104",Kalamassery,095265 90000,4.12,4.1,                ? 500 - 1000,Beef Roast Porotta,Chicken Kabsa,80000,700,Sunday
Pallath Restaurant,"p.o HMT, Pallath building, HMT Rd, South Kalamassery, Kalamassery, Kochi, Kerala 683104",Kalamassery,099957 32334,3.7,3.7,                ? 500 - 1000,Chicken Biriyani,Mutton Biriyani,45000,200,Monday
Biriyani Chembu Restaurant," NH544, Thirunilath Housing Colony, South Kalamassery, Kalamassery, Ernakulam, Kerala 682039",Kalamassery,099956 33815,4.1,4.1,                ? 500 - 1000,Al Faham Mandi,Beef Mandi,50000,800,Tuesday
Seapark Restaurant,"A.K. Towers, University Junction, Nh, Kalamassery, Ernakulam, Kerala 680104",Kalamassery,0484 253 2299,3.51,3.5,                ? 500 - 1000,Kerala Paratha,Puttu Beef Curry,50000,1000,Wednesday
Kismath Restaurant,"32 University Road, CUSAT Junction, WARD NO24 Near CUSAT Main Gate South Kalamassery CUSAT P.O, Kochi, Kerala 682022",Kalamassery,099955 38232,3.02,3,                ? 500 - 1000,Peri Peri Al Faham,Chatti Choru,100000,10000,Thursday
Aliza restaurant,"28X8+PQC, TVS Rd, South Kalamassery, Kalamassery, Kochi, Kerala 683104",Kalamassery,9247107090,4.03,4,                ? 500 - 1000,Sadhya,Parota with beef curry,70000,650,Friday
Mirchi Dhaba,"Puthiya road signal, near Decathlon, Kalamassery, Kochi, Kerala 683501",Kalamassery,096457 46955,3.62,3.6,                ? 500 - 1000,Mutton Biriyani,Mutton fry,45000,300,Saturday
Vazhayila restaurant,"TMC, 23, 182, Thirunilath Lane, Alfiya Nagar, South Kalamassery, Kalamassery, Kochi, Kerala 682022",Kalamassery,9024726110,4.81,4.8,                ? 500 - 1000,Ghee Rice and Beef Roast,Beef Curry,45000,200,Sunday
The Arabian Bae,"University Road, Alfiya Nagar, South Kalamassery, Kalamassery, Ernakulam, Kerala 682033 ",Kalamassery,8078720199,3.87,3.9,                ? 500 - 1000,Meals with Fish Fry,Fish Roast,50000,350,Monday
Go Foodie,"TOG Rd, near Rajagiri College of Engineering, South Kalamassery, Kalamassery, Kochi, Kerala 683104",Kalamassery,085930 96074,4.23,4.2,                ? 500 - 1000,Chicken Biriyani,Beef Roast,80000,700,Tuesday
Munthirikkothu,"N H. 47, South Kalamassery, Kalamassery, Ernakulam, Kerala 683104",Kalamassery,081118 89888,4.2,4.2,                ? 500 - 1000,Beef Roast Porotta,Chicken Kabsa,70000,750,Wednesday
FOOD 'O' FOOD,"University Road, Hidayath Nagar, Thrikkakara, HMT Kalamassery, Kochi, Kerala 682022",Kalamassery, 073062 71405,4.43,4.4,                ? 500 - 1000,Chicken Biriyani,Mutton Biriyani,90000,800,Thursday
Hotel Abhirami,"386F+P67, FACT Kalamassery Rd, South Kalamassery, Kalamassery, Ernakulam, Kerala 683104",Kalamassery,081292 88772,2.51,2.5,                ? 500 - 1000,Al Faham Mandi,Beef Mandi,95000,850,Friday
Kayees Rahmathulla Hotel,"New Road, Mattancherry, Ernakulam - 682002",Kochi,               0484 2226080,4.22,4.2,                ? 500 - 1000,Kerala Prawn Curry,Parota with beef curry,60000,500,Tuesday
Tharavadu,"Casino Hotel, Willingdon Island, Ernakulam - 682003",Kochi,          0484 3011500,4.41,4.4,                ? 500 - 1000,Parota with beef curry,Chuttuli Meen ,90000,300,Sunday
Malabar Cafe ,"Bolgatty Island, Near, Vypin, Ernakulam - 682010",Kochi,          0484 2661234,4.99,4.9,                ? 500 - 1000,Thattu Dosa with Chutney,Ghee Rice (NeyChoru),100000,350,Thursday
Fort Kochi Seafood Restaurant,"Willingdon Island Casino Hotel, Willingdon Island, Ernakulam - 682003",Kochi,          0484 2864500,4.03,4,                ? 500 - 1000,Idli Sambhar,Death by Chocolate,100000,370,Tuesday
Ifthar Restaurant ,"Thoppumpady, Ernakulam - 682005, Near Harbour Bridge ",Kochi,9633323322,3.78,3.7,                        ? 0 - 500,Sadhya,Kappa Puzhukku,102000,450,Sunday 
Sree Ganesha Resturant,"Ground Floor, Jew Town Synagogue Lane, Mattancherry, Ernakulam - 682002, Opposite Post Office",Kochi,9745237199,4.32,4.3,              ? 1000 - 2000,Kerala Prawn Curry,Kappa Puzhukku,110000,500,Tuesday
Malabar Junction,"No1/268, Malabar House Hotel, Parade Road, Kochi, Ernakulam - 682001, Near Fort",Kochi,          0484 2216666,4.02,4,                ? 500 - 1000,Kappa and Meen Curry,Kappa Boti,130000,550,Saturday
Cafe Cuba ,"Tower Road, Fort, Kochi Fort, Ernakulam - 682001, Opposite Delta Study",Kochi,9895733047,3.7,3.7,                 ? 500 - 1000,Dosa Ghee Roast with Sambar,Seafood ,45000,200,Friday
Restaurant 51,"V40, Bazaar Rd, Mattancherry, Kochi, Kerala 682002",Kochi,0484 434 4666,4.07,4,                ? 500 - 1000,Spicy Chicken Fry,Kappa Boti,50000,350,Saturday
Grand Pavilion,"X7CP+64W, Mahatma Gandhi Rd, Ernakulam South, Kochi, Kerala 682011",Kochi,0484 238 2061,3.88,3.8,                ? 500 - 1000,Kerala Prawn Curry,Parota with beef curry,80000,700,Sunday
Ginger House Restaurant,"Jew Town, Kappalandimukku, Mattancherry, Kochi, Kerala 682002",Kochi,0484 221 3400,3.64,3.6,                ? 500 - 1000,Beef Fry,Chuttuli Meen ,70000,750,Monday
Kochi Kitchen,"Lulu International Shopping Mall, 34/1111, Old NH 47, Edappally, Kochi, Kerala 682024",Kochi,0484 717 7777,3.97,3.9,                ? 500 - 1000,Naadan Kozhi Curry,Death by Chocolate,90000,800,Tuesday
Kashi Art Café,"Burger St, near Police Station, Fort Nagar, Fort Kochi, Kochi, Kerala 682001",Kochi,0484 221 5769,4.18,4.1,                ? 500 - 1000,dosa Ghee roast with sambar,Kappa Puzhukku,95000,850,Wednesday
Paragon,"Lulu Shopping Mall, Edappally Junction, Nethaji Nagar, Edappally, Kochi, Kerala 682024",Kochi,0484 401 1000,3.81,3.8,                ? 500 - 1000,Karimeen Pollichathu ,Ghee Rice (NeyChoru),100000,900,Thursday
Punjab House,"40/1920 Broadway Broadway Lodge Compound, Marine Drive, Kochi, Kerala 682031",Kochi,0484 236 8605,3.79,3.7,                ? 500 - 1000,Sea foods,Chuttuli Meen ,120000,950,Friday
Galito's Flame Grilled Chicken,"Lulu Shopping Mall, 3rd Floor, International, Salem - Kochi - Kanyakumari Hwy, Nethaji Nagar, Edappally, Ernakulam, Kerala 682024",Kochi,0484 406 3399,3.81,3.8,                ? 500 - 1000,dosa Ghee roast with sambar,Thalassery Biryani,125000,1000,Saturday
Tellicherry Kitchen,"Madathikunnel Complex, Kathrikkadav Junction, Kaloor - Kadavanthara Rd, Kochi, Kerala 682016",Kochi,099460 32444,4.43,4.4,                ? 500 - 1000,Mutton Biriyani,Bamboo Biriyani,130000,1050,Sunday
Brindhavan Vegetarian Restaurant,"43/3075, NH 66, near Hotel Rock Rose, Chakkalakkal, Palarivattom, Kochi, Kerala 682025",Kochi,095677 66366,3.88,3.8,                ? 500 - 1000,Ghee Roast,Masala Dosa,150000,1100,Monday
The Pepper Restaurant ,"Taj Malabar Resort & Spa, Cochin, Willingdon Island, Kochi, Kerala 682009",Kochi,0484 664 3000,4.27,4.2,                ? 500 - 1000,Al Faham Mandi,Pepper Chicken,50000,350,Tuesday
Kadaloram,"Hotel Abad Plaza, Mahatma Gandhi Rd, Shenoys, Kochi, Kerala 682035",Kochi,0484 414 4000,3.75,3.7,                ? 500 - 1000,Chattii Choru,Fish Biriyani,80000,700,Sunday
Nasi and Mee Asian Canteen,"Sree Narayanan seva sangam, 2nd Sahodaran building 66/6539 A.K.Sheshadri Road Ernakulam, Shenoys, Kochi, Kerala 682011",Kochi,0484 400 0231,4.27,4.2,                ? 500 - 1000,Prawns Noodles,Chicken Rice,45000,200,Saturday
Ambiswamy's Vegetarian Restaurant,"Mahatma Gandhi Rd, near Medical Trust Hospital, Pallimukku, Kochi, Kerala 682016",Kochi,090727 37003,3.75,3.7,                ? 500 - 1000,Veg Noodles,Veg Biriyani,50000,800,Saturday
Eatery,"No 67/2849, Old Railway Station Road, Kacheripady, Banerji Road, Ernakulam - 682018, Near Central Police Station ",Ernakulam,9037919801,4.21,4.2,                ? 500 - 1000,Fish Molee,Spicy Chicken Fry,50000,1000,Sunday
Gokul Oottuvura,"Ittys,Panampilly Nagar, Ernakulam",Ernakulam ,               0484 2310401,4.02,4,                      ? 0 - 500,Sadhya,Burger,50000,350,Saturday
Njettilla Vattayila ,"PT Usha Road, Ernakulam - 682016, Opposite Maharajas Stadium",Ernakulam ,7560866935,3.92,3.9,                        ? 0 - 500,Spicy Chicken Fry,Kappa Boti,80000,700,Wednesday
Mullapanthal Restaurant,"MLA Road, Mankaikavala, Udayamperoor, Ernakulam - 682307, Near Ameda Temple",Ernakulam ,               0484 2791227,4.15,4.1,                        ? 0 - 500,Kerala Prawn Curry,Parota with beef curry,45000,200,Thursday
Ceylon Bake House,"M G Road, Jos Junction, Ernakulam - 682016, Opposite To Avenue Regency",Ernakulam ,               0484 2366011,3.92,3.9,                        ? 0 - 500,Beef Fry,Chuttuli Meen ,50000,800,Tuesday
Pai Dosa in Edapally,"AS Tower, Edapally, Ernakulam - 682024, Behind LuLu Mall ",Ernakulam ,               0484 2801778,3.93,3.9,                        ? 0 - 500,Naadan Kozhi Curry,Death by Chocolate,50000,1000,Sunday
Ifthar Taste Of Real Malabar,"K K Building, Toll Junction, Edapally, Ernakulam - 682024, Opposite Pittappillil",Ernakulam ,               0484 2801157,4.04,4,                        ? 0 - 500,dosa Ghee roast with sambar,Kappa Puzhukku,100000,10000,Sunday
Erivum Pulium,"Banerji Road, Ernakulam - 682018, Near Saritha Theatre",Ernakulam ,               0484 4022211,3.86,3.8,                        ? 0 - 500,Karimeen Pollichathu ,Ghee Rice (NeyChoru),70000,650,Friday
O.ji.ka ,"Deshabhimani Karukappilly Road, Kaloor, Ernakulam - 682017, Opposite BSNL Office",Ernakulam ,9995550432,4.31,4.3,                        ? 0 - 500,Sea foods,Chuttuli Meen ,45000,300,Saturday
Aavi ,"Itty`s, Main Avenue, Panampilly Nagar, Ernakulam - 682036 ",Ernakulam ,               0484 6510510,4.03,4,                        ? 0 - 500,dosa Ghee roast with sambar,Thalassery Biryani,30000,250,Friday
Marhaba Restaurant,"Deshabhimani Road, Karukapilly, Kaloor, Ernakulam - 682017, Near Juma Masjid",Ernakulam ,9633767011,3.92,3.9,                        ? 0 - 500,Spicy Chicken Fry,Pizza,75000,500,Sunday
Binnammas Food Gallery,"Thammanam Vytilla Road, Thammanam, Ernakulam - 682032, Near to Riyan Studio",Ernakulam ,9747811811,4.11,4.1,                        ? 0 - 500,Naadan Kozhi Curry,Burger,80000,800,Wednesday
Ayswarya hotel ,"Albies Estate, Manorama Junction, Biulding, Ernakulam - 682016, Near South Over Bridge",Ernakulam ,9074041672,4.13,4.1,                        ? 0 - 500,Thalassery Biryani,kappa meen curry,60000,500,Tuesday
Fusion Bay Restaurant,"K B Jacob Road, Fort Road, Ernakulam - 682001, Near Santa Cruz Basilica Church",Ernakulam ,               0484 2217799,4.45,4.4,                 ? 500 - 1000,Sadhya,Kappa Boti,90000,300,Sunday 
Hotel Sehiyon Ootushala,"Pullapadi Road Pullapady Junction, Pullepady, Ernakulam - 682035",Ernakulam ,          0484 2369427,4.12,4.1,                        ? 0 - 500,Fish Molee,Death by Chocolate,100000,350,Friday
Hotel Anandas,"Padivattom, Ernakulam, Padivattom, Ernakulam - 682024",Ernakulam ,        0484 04858555,3.94,3.9,                        ? 0 - 500,Beef Fry,Kappa Puzhukku,100000,370,Tuesday
Blue Sea,"Edappally Raghavan Pillai Road, Edapally, Ernakulam - 682024, Near Gayathri Kalyana Mandapam",Ernakulam ,          0484 4055077,4.01,4,                        ? 0 - 500,dosa Ghee roast with sambar,Ghee Rice (NeyChoru),102000,450,Sunday 
Gokul Oottupura,"Marine Drive, Ernakulam - 682031, Opposite Ernakulathappan Temple, North Gate, KT Koshi Avenue ",Ernakulam ,          0484 2355115,4.25,4.2,                        ? 0 - 500,arimeen Pollichathu ,sandwhich,110000,500,Saturday
Tamr Cafe,"MG Road, Padma Junction, Ernakulam - 682035, Opposite Padma Theatre",Ernakulam ,          0484 4067867,4.07,4,                        ? 0 - 500,sea foods,Parota with beef curry,130000,550,Sunday
Kappem Puttum ,"Ponneth Temple Road, Kadavanthara, Ernakulam - 682020, Near Giridhar Eye Hospital ",Ernakulam ,9947908777,3.88,3.8,                       ? 0 - 500,Kerala Prawn Curry,Seafood ,45000,200,Sunday
Hotel Aryas ,"Medical, Pallimukku, Ernakulam - 682016",Ernakulam ,          0484 4041427,3.64,3.6,                       ? 0 - 500,Fish Molee,Burger,50000,350,Tuesday
The Kitchen ,"Pipeline Jn, Civil Line Road, Palarivattom, Ernakulam - 682025, Opp Kcbc ",Ernakulam ,          0484 4852992,3.97,3.9,                       ? 0 - 500,Beef Fry,kappa meen curry,80000,700,Sunday
Octopus Bakes & Bistro,"Three Junction, Piravom, Ernakulam - 686664, Near Fedral Bank ",Ernakulam ,996100908,4.18,4.1,                       ? 0 - 500,Naadan Kozhi Curry,Kappa Boti,70000,750,Saturday
Hotel Ceylon ,"Padma Junction, M G Road, Ernakulam - 682037, Opposite to City Hospital ",Ernakulam ,          0484 2354333,3.81,3.8,                       ? 0 - 500,Dosa Ghee Roast with Sambar,Parota with beef curry,90000,800,Wednesday
Pappadavada,"Kaloor, Ernakulam - 682017, Opposite Kaloor Bus Stand",Ernakulam ,964522111,3.79,3.7,                       ? 0 - 500,Karimeen Pollichathu ,Thalassery Biryani,95000,850,Friday
Malabar Plaza,"Toll Junction, Edapally, Ernakulam - 682024, Near Pittappillil Electronics & Lulu Mall",Ernakulam ,        0484 40116091,3.81,3.8,                       ? 0 - 500,Parota with beef curry,Seafood ,100000,900,Thursday
Aruvi Nature,"I S Press Road, Pulleppady Cross Road, Ernakulam - 682018, Near Income Tax Office ",Ernakulam ,9496044527,4.43,4.4,                       ? 0 - 500,Idli Sambhar,Fried Prawns,120000,950,Monday
Beeyems Restaurant,"Ground Floor, Mankayi Junction, Udayamperoor, Ernakulam - 682307, Oppo Cherupushpam Studio",Ernakulam ,          0484 6555369,3.88,3.8,                       ? 0 - 500,Sea Foods,Chuttuli Meen ,125000,1000,Wednesday
Hotel Salala,"Convent Road, Chettichira, Ponnuruni, Poonithura, Ernakulam - 682038",Ernakulam ,995228830,4.27,4.2,                        ? 0 - 500,dosa Ghee roast with sambar,Ghee Rice (NeyChoru),130000,1050,Sunday
Hungry Birds,Ernakulam - 682022,Ernakulam ,7594885555,3.75,3.7,                        ? 0 - 500,Fish Molee,sandwhich,150000,1100,Thursday
Malabar Food Court,"Opposite AlMeen School, Edapally, Ernakulam - 682024, Near Lulu Mall ",Ernakulam ,          0484 6407111,3.85,3.8,                 ? 500 - 1000,Sea Foods,Seafood ,50000,350,Wednesday
Malabar Grills ,"Amaravathi Road, Fort Road, Ernakulam - 682001, Near ",Ernakulam ,          0484 2218567,3.75,3.7,                        ? 0 - 500,Kappa and Meen Curry,Fried Prawns,80000,700,Saturday
Malabar Plaza,"Hotel Malabar Plaza, SRM Road Junction, Ernakulam North, Ernakulam - 682018, Near North Railway Station 2nd Platform",Ernakulam ,          0484 4028490,3.66,3.6,                        ? 0 - 500,Kerala Prawn Curry,Chuttuli Meen ,45000,200,Thursday
Masafi Restaurant,"3-953, Hayad Building, M G Road, Ernakulam - 682037, Near SBI ",Ernakulam ,          0484 4861054,3.86,3.8,                        ? 0 - 500,Appam with Stew,Thalassery Biryani,50000,800,Friday
Vanitha Homely Meals,"G135, 3rd Cross Road, Panampilly Nagar, Ernakulam - 682036, Near Union Bank & Supplico",Ernakulam ,9961077010,4.32,4.3,                        ? 0 - 500,Fish Molee,Burger,50000,1000,Sunday
Thamam Restaurant,"No. 412, Thaman Hotel, Edapally Flyover Byepass Junction, Edapally, Ernakulam - 682024, Near Lulu Mall",Ernakulam ,          0484 2801590,3.55,3.5,                        ? 0 - 500,Kerala Prawn Curry,Pizza,50000,350,Saturday
Uruli ,"Time Square Business Hotel, Club Road, MG Road, Club Road-ernakulam South, Ernakulam - 682011, Near Collector's Camp Office ",Ernakulam ,          0484 2374488,3.96,3.9,                        ? 0 - 500,Kappa and Meen Curry,Mutta Chikkiyathu – Scrambled Eggs,80000,700,Sunday
Malabar Canteen,"Kathrikadavu Road, Coorperation Building, Kaloor, Ernakulam - 682017 ",Ernakulam ,9995064440,3.76,3.7,                        ? 0 - 500,Naadan Kozhi Curry,Kappa Boti,45000,200,Thursday
Crystal Kitchen,"Edapally Signal Junction, Edapally, Ernakulam - 682024, Near MAJ Hospital and Bye Road ",Ernakulam ,          0484 2349960,3.53,3.5,                        ? 0 - 500,dosa Ghee roast with sambar,Parota with beef curry,50000,800,Saturday
Calavaras Hot Pot,"Kads Market, Padivattom, Eranakulam, Kochi, Civil Line Road, Vennala, Ernakulam - 682028",Ernakulam ,9619677826,4.52,4.5,                 ? 500 - 1000,arimeen Pollichathu ,Thalassery Biryani,50000,1000,Tuesday
Hotel Unnikrishna ,"Church Landing Road, Pallimukku, Ernakulam - 682016",Ernakulam ,          0484 2380594,3.81,3.8,                        ? 0 - 500,Parota with beef curry,Seafood ,100000,10000,Sunday
Cinema Cafe,"No.42/2091, K K Padmanabhan Road, Ernakulam North, Ernakulam - 682018, Near Smart Super Market ",Ernakulam ,          0484 6444234,4.17,4.1,                        ? 0 - 500,Idli Sambhar,Fried Prawns,70000,750,Saturday
Swaadh ,"Panayappilly, Chullickal, Fort, Chullickal, Ernakulam - 682005, Near Petrol Pump",Ernakulam ,          0484 4011567,3.55,3.5,                        ? 0 - 500,sea foods,Chuttuli Meen ,90000,800,Friday
Ummis Kitchen ,"Shop No.39/931, Ground Floor, Ernakulam South, Ernakulam - 682011, Near South Railway Station ",Ernakulam ,          0484 2377711,3.94,3.9,                       ? 0 - 500,Fish Molee,Burger,95000,850,Saturday
Aaharam,"Banerji Road, Kaloor, Ernakulam - 682017, Behind Kaloor Metro Station(Towards Aluva) , Bes Ide Dhanalaxmi Bank",Ernakulam,          0484 3306355,3.51,3.5,                       ? 0 - 500,Kerala Prawn Curry,kappa meen curry,80000,700,Sunday
Hotel Malabar Plaza ,"Ground Floor, Malabar Plaza, Durbar Hall Road, Ernakulam - 682016, Next to DBM Hall, Opposite Ernakulathappan Ground",Ernakulam,          0484 2355900,4.03,4,                ? 500 - 1000,Fish Molee,Thalassery Biryani,70000,750,Sunday
Eat N Park Hotel,"Kaloor, Ernakulam - 682017, Opposite TVS Automobiles, Near Stadium",Ernakulam,          0484 4047125,3.82,3.8,                       ? 0 - 500,Beef Fry,Seafood ,90000,800,Saturday
Mappilakada,"Amrita Nagar, Edappally, Ernakulam - 682024 ",Ernakulam,9995533331,4.25,4.2,                       ? 0 - 500,Spicy Chicken Fry,Sandwich,95000,850,Tuesday
Aruvi Nature Life,"I S Press ROAd, Kacheripady, Ernakulam, Kerala, Tatapuram, Ernakulam - 682018",Ernakulam,9496044527,4.42,4.4,                        ? 0 - 500,arimeen Pollichathu ,Fried Prawns,100000,900,Saturday
Ifthar,"Sonia Nagar, Palarivattom, Thammanam Road, Palarivattom, Ernakulam - 682025, V Mart Building",Vazhakkala,7736920078,3.91,3.9,                       ? 0 - 500,dosa Ghee roast with sambar,Ghee Rice (NeyChoru),120000,950,Saturday
Paradise Hotel,"Ground Floor, Civil Line Road, Palarivattom, Ernakulam - 682025, Near S L Plaza",Vazhakkala,               0484 2340670,3.93,3.9,                        ? 0 - 500,Parota with beef curry,Seafood ,125000,1000,Wednesday
Thakkaaram Restaurant ,"Nh 66, Bypass, Chakkalakkal, Kochi, Palarivattom,Ernakulam - 682025, Opposite Emc",Vazhakkala,8593084422,4.03,4,                ? 500 - 1000,Thalassery Biryani,Pizza,130000,1050,Sunday 
Rappais Thattinpuram,"Palarivattom, Ernakulam - 682025 ",Vazhakkala,9895604323,3.67,3.6,                        ? 0 - 500,Idli Sambhar,Thalassery Biryani,150000,1100,Tuesday
Hotel Jaybees,"Civil Lane Road, Palarivattom, Ernakulam - 682025, Near City Silks",Vazhakkala,          0484 2333544,3.64,3.6,                       ? 0 - 500,dosa Ghee roast with sambar,Ghee Rice (NeyChoru),50000,350,Sunday
Rolexio Restaurant ,"National Highway Maamangalam, Palarivattom, Ernakulam - 682025, Near Metro Piller 484 ",Vazhakkala,          0484 2340118,4.22,4.2,                ? 500 - 1000,Naadan Kozhi Curry,burger,85000,800,Friday
Hotel Abida,"Vazhakkala, Ernakulam - 682021, Near Kappeala",Vazhakkala,9526721907,4.09,4,                       ? 0 - 500,Thattu Dosa with Chutney,kappa meen curry,120900,1500,Thursday
Bolgatty Palace Restaurant,"Bolgatty Palace and Island Resort KTDC, Mulavukadu, Vypin, Ernakulam - 682010",Mulavukad,               0484 2450500,4.24,4.2,               ? 1000 - 2000,Appam with Stew,Kappa Meen Curry,60000,690,Friday
Vellakkanthaari Restaurant ,"National Highway 966A near ponnarimangalam toll plaza, Mulavukad, Ernakulam, Kerala 682504",Mulavukad,088914 35587,3.72,3.7,                ? 500 - 1000,Fish Molee,Thalassery Biryani,209000,3500,Saturday
Paathiraputtu seafood restaurant,"Mulavukad, NH966A, Ponnarimangalam, Ernakulam, Kerala 682504",Mulavukad,9889012333,3.82,3.8,                ? 500 - 1000,Beef Fry,Seafood ,80000,700,Sunday
C Fine Sea food floating Restaurant,"27M3+J3J, Mulavukad, Kochi, Kerala 682504",Mulavukad,9998887770,3.91,3.9,                ? 500 - 1000,Spicy Chicken Fry,Sandwich,70000,750,Monday
Hotel Mom's Kitchen,"Bolgatty, Ernakulam, Kerala 682504",Mulavukad,8212312990,4.01,4,                ? 500 - 1000,arimeen Pollichathu ,Fried Prawns,90000,800,Tuesday
Surya Kudumbasree Restaurant," Bolgatty Palace Road,Opposite of Lulu Convention Centre, Mulavukadu, P.O, Bolgatty, Ernakulam, Kerala 682504",Mulavukad,9594976342,3.84,3.8,                ? 500 - 1000,dosa Ghee roast with sambar,Ghee Rice (NeyChoru),95000,850,Wednesday
Neft Tropical Hut Cochin,"post office and Union bank of India, opposite mulanthuruthy, Mulanthuruthy, Kerala 682314",Mulanthuruthy,095395 10000,4.18,4.1,                ? 500 - 1000,Parota with beef curry,Seafood ,100000,900,Thursday
KUK DOO KOO Barbeque,"Chottanikkara Mulanthuruthy Rd, near Bevco Outlet, opposite Yamaha showroom, Pallithazham, Mulanthuruthy, Kerala 682314",Mulanthuruthy,079942 22255,3.95,3.9,                ? 500 - 1000,Thalassery Biryani,Pizza,60000,500,Friday
Hotel Ayanam,"Mulanthuruthy - Arakkunnam Rd, Karavottakiriz, Mulanthuruthy, Kerala 682314",Mulanthuruthy,0484 274 0263,4.01,4,                ? 500 - 1000,Idli Sambhar,Thalassery Biryani,90000,300,Saturday
Hotel Aryas,"W92M+4QF, Pallithazham, Mulanthuruthy, Kerala 682314",Mulanthuruthy,9990006878,3.53,3.5,                ? 500 - 1000,dosa Ghee roast with sambar,Ghee Rice (NeyChoru),100000,350,Sunday
?????? ???????,"V9XM+QQC, Mulanthuruthy Kanjiramattom Rd, Pallithazham, Mulanthuruthy, Kerala 682314",Mulanthuruthy,8078730090,3.62,3.6,                ? 500 - 1000,Naadan Kozhi Curry,burger,100000,370,Monday
Gramin Food,"Injimala Injimala, Kerala 682314",Mulanthuruthy,095267 55077,4.07,4,                ? 500 - 1000,Thattu Dosa with Chutney,kappa meen curry,102000,450,Tuesday
Saravanabhavan,"W93P+78G, Pallithazham, Mulanthuruthy, Kerala 682314",Mulanthuruthy,9800340770,4.13,4.1,                ? 500 - 1000,Appam with Stew,Kappa Meen Curry,110000,500,Wednesday
D Lite Restaurant,"Post Box No.2, Pallithazham, Kochi, Chottanikkara Road, Mulanthuruthy, Ernakulam - 682314",Mulanthuruthy,9446752608,3.72,3.7,                ? 500 - 1000,Thattu Dosa with Chutney,Seafood ,130000,550,Monday
MaxFun,"Seaport - Airport Rd, Irumpanam, Thrippunithura, Ernakulam, Kerala 682309",Thrippunithura,094976 10339,3.82,3.8,                ? 500 - 1000,Porotta with Beef Roast,Biriyani,45000,200,Tuesday
HOTEL SREE SARAVANA BHAVAN,"North Fort Gate, Vadakkekotta, Thrippunithura, Kochi, Kerala 682301",Thrippunithura,085908 88840,3.91,3.9,                ? 500 - 1000,Masala Dosa,Ghee Roast,50000,350,Sunday
The LMN,"Elamana Jetty Road Opp Royal Enclave apartments, Kottakakom, Thrippunithura, Kochi, Kerala 682301",Thrippunithura,098955 56960,4.01,4,                ? 500 - 1000,Beef Burger,Chicken Sandwich,80000,700,Monday
Thakkaaramanthi House,"NH 47 Bypass, Vyttila, Ernakulam - 682019, Opposite Gold Souk Grande Mall",Thrippunithura,9526442266,3.84,3.8,                ? 500 - 1000,Fish Molee,Fried Prawns,70000,750,Wednesday
Captain Fisher,"C/o MJM International Hotel, Vyttila, Ernakulam - 682019, Opposite Silver Sand Island ",Thrippunithura,          0484 2301407,4.18,4.1,                 ? 500 - 1000,Kappa and Meen Curry,Thalassery Biryani,90000,800,Wednesday
Supreme Uppercrust ,"48/604/B, Vacha Square, Ernakulam Circle, Vyttila, Vyttila, Vyttila, Ernakulam - 682019, Near Idea Cellular",Thrippunithura,          0484 2807222,3.95,3.9,                        ? 0 - 500,dosa Ghee roast with sambar,Death by Chocolate,95000,850,Friday
Royal Bakers,"Kochi Madurai Dhanushkodi Road, Tripunithura, Ernakulam - 682301, Nera Damro",Thrippunithura,9745700043,4.01,4,                        ? 0 - 500,Thalassery Biryani,Kappa Boti,100000,900,Tuesday
Anjappar,"Vyttila, Ernakulam - 682019, Near Afters Bakery, Behind Gold's Gym",Thrippunithura,7356663636,3.53,3.5,                       ? 0 - 500,Beef Fry,Parota with beef curry,120000,950,Tuesday
Hotel Hill View,"Hill Palace Road, Tripunithura, Ernakulam - 682301, Near Hill Palace Museum",Thrippunithura,9447078208,3.62,3.6,                       ? 0 - 500,Naadan Kozhi Curry,Thalassery Biryani,125000,1000,Sunday
Kumbalangikkaran Restaurant,"Kumbalangi Road, Kumbalangi, Marad, Ernakulam - 682010",Maradu,7034375679,4.07,4,                        ? 0 - 500,Kappa and Meen Curry,Kappa Puzhukku,130000,1050,Wednesday
Sarovaram Restaurant,"C/O Sarovaram Hotel, NH 47 Cochin Bypass, Maradu, Ernakulam - 682304, Opposite to Volkswagen",Maradu,               0484 2305519,4.13,4.1,                        ? 0 - 500,Kappa and Meen Curry,Kappa Boti,150000,1100,Sunday
RAMEES RESTAURANT,"@ The WHYTEFORT HOTEL, Service Rd, Vijaya Nagar, Jaya Nagar, Maradu, Ernakulam, Kerala 682304",Maradu,075104 66666,4.21,4.2,                ? 500 - 1000,Kuzhi Manthi,Al Faham,50000,350,Monday
Arabian Food Court,"W8PC+X9P, Maradu Post Office, Kochi - Dhanuskodi Road, Kundannnor, Vikas Nagar, Maradu, Ernakulam, Kerala 682304",Maradu,8007002390,3.43,3.4,                ? 500 - 1000,Beef Biriyani,Porotta,80000,700,Tuesday
Aroma,"W8M9+PHR, Unnamed Road, Maradu, Ernakulam, Kerala 682304",Maradu,0484 286 5000,4.5,4.5,                ? 500 - 1000,Chilly Pork,Schezwan Chicken Fried Rice,45000,200,Wednesday
Anoop Restaurant,"W8QG+G8W, Maradu, Ernakulam, Kerala 682304",Maradu,099471 40206,3.73,3.7,                ? 500 - 1000,Grilled Chicken,Mixed Fried Rice,50000,800,Thursday
Empire Plaza,"NH 47, Vytila, Kundannur, 682 304, Aroor - Thoppumpady Rd, Kochi, Kerala",Maradu,8909897860,4.1,4,                ? 500 - 1000,Chilly Pork,Schezwan Chicken Fried Rice,50000,1000,Friday
Curry Klub,"Maradu North, Maradu, Ernakulam, Kerala 682304",Maradu,081369 23332,4.52,4.5,                ? 500 - 1000,Grilled Chicken,Mixed Fried Rice,50000,350,Saturday
Vadakkeyattam Puttu Kada,"Kumbalam, Ernakulam, Kerala 682506, India, Kumbalam Jetty Road, Kumbalam Ernakulam, Ernakulam - 682506",Kumbalangy,9037102255,4.63,4.6,                        ? 0 - 500,Thattu Dosa with Chutney,Pizza,80000,700,Thursday
Kayaloram Restaurant,"North Kumbalangi, Kumbalangi, Kumbalangi, Ernakulam - 682007 ",Kumbalangy,8891018014,4.45,4.4,                        ? 0 - 500,Fish Molee,Seafood ,45000,200,Wednesday
Athazham restaurant,"Kumbalangi Rd, near Roney's Shope, Pazhangad, Kumbalangi, Kochi, Kerala 682007",Kumbalangy,9887990067,3.73,3.7,                ? 500 - 1000,Chilly Pork,Schezwan Chicken Fried Rice,50000,800,Thursday
Arabic Resto,"Kumbalangi Rd, North Kumbalangi, Kumbalangi, Kochi, Kerala 682007",Kumbalangy,096335 59026,4.1,4,                ? 500 - 1000,Grilled Chicken,Mixed Fried Rice,50000,1000,Friday
Kumbalanghi grills,"762, Kumbalangi Rd, North Kumbalangi, Kumbalangi, Kochi, Kerala 682007",Kumbalangy,8907812113,4.52,4.5,                ? 500 - 1000,Chilly Pork,Schezwan Chicken Fried Rice,100000,10000,Saturday
Biryani Kada,"V7JQ+22C, Kumbalangi, Kochi, Kerala 682007",Kumbalangy,094470 70543,4.63,4.6,                ? 500 - 1000,Grilled Chicken,Mixed Fried Rice,70000,650,Sunday
Hotel Nandanam,"G B Towers, Velloorkunnam, Muvattupuzha Market, Ernakulam - 686673, Near Shiva Temple",Muvattupuzha,9846461506,3.83,3.8,                        ? 0 - 500,Kappa and Meen Curry,Death by Chocolate,45000,300,Sunday
MALABAR VILLAGE RESTAURANT,"XHHJ+C89, Thottumkalpeedika, Muvattupuzha, Kerala 686661",Muvattupuzha,079027 84784,4.18,4.1,                ? 500 - 1000,Chicken Biriyani,Beef Biriyani,30000,250,Monday
Hotel Dhanya,"XHRH+35F, SH 1, Velloorkunnam, Muvattupuzha, Kerala 686673",Muvattupuzha,098958 92286,3.95,3.9,                ? 500 - 1000,Chicken Noodles,,75000,500,Tuesday
Kitchen Caravan Speciality Restaurant,"East High School, Kizhakkekara Road, Companypady Road, Muvattupuzha, Kerala 686661",Muvattupuzha,099468 08028,4.01,4,                ? 500 - 1000,Fish Biriyani,Mixed Fried Rice,80000,800,Wednesday
Hotel Kattappa,"SH 1, Velloorkunnam, Vazhappily, Muvattupuzha, Kerala 686673",Muvattupuzha,9947755676,3.53,3.5,                ? 500 - 1000,Chicken Biriyani,Egg Noodles,65000,750,Thursday
Al Reem Food Court,"SH 1 Vazhappily-Pezhakkappilly, Muvattupuzha, Kerala 686673",Muvattupuzha,090484 10410,3.62,3.6,                ? 500 - 1000,Chicken Kuzhimandi,Beef Mandi,50000,190,Friday
Rajeswary Vegetarian Restaurant,"Basement Floor, Rajeswari Building, Kacherithazham Junction, SH 1, MC Rd, Thottumkalpeedika, Muvattupuzha, Kerala 686673",Muvattupuzha,093886 14356,4.07,4,                ? 500 - 1000,Masala Dosa,Veg Meals,70000,300,Saturday
Beach Way Restaurant ,"Kalluchira, Paravur, Ernakulam - 683513, Near Cherai Bridge",Paravur,          0484 2446181,4.13,4.1,                 ? 500 - 1000,Kerala Prawn Curry,Kappa Puzhukku,90000,700,Friday
Slice of Spice,"Pallithazham North Paravoor, Kerala 683513, North Paravoor, Kochi, Kerala 683513",Paravur,097448 86007,4.01,4,                ? 500 - 1000,Schezwan Chicken Fried Rice,Schezwan Egg Noodles,105000,1200,Saturday
Khalifa Restaurant,"46WH+VGF, Canal Rd, North Paravur, Kerala 683513",Paravur,8593209022,3.84,3.8,                ? 500 - 1000,Kappa and Meen Curry,Thalassery Biryani,70000,650,Sunday
The Second Wife Restaurant,"46WJ+3X3, Limited stop Bus Terminal, North Paravur, Kerala 683513",Paravur,9526415555,4.18,4.1,                ? 500 - 1000,dosa Ghee roast with sambar,Death by Chocolate,45000,300,Monday
Chimney Heritage Restaurant,"Chendamangalam Junction, North Paravur, Kerala 683513",Paravur,9496979833,3.95,3.9,                ? 500 - 1000,Thalassery Biryani,Kappa Boti,30000,250,Tuesday
Hotel Vasantha Vihar,"656, Main Road, North Paravoor, North Paravur, Kerala 683513",Paravur,0484 311 9121,4.01,4,                ? 500 - 1000,Beef Fry,Parota with beef curry,75000,500,Wednesday
Golden Palace,"46WM+RXP, Pullamkulam Road, North Parur, Kochi, Kerala 683513",Paravur,8151857766,3.53,3.5,                ? 500 - 1000,Naadan Kozhi Curry,Thalassery Biryani,90000,5500,Thursday
Mallu's Dhaba Cochin Airport," Nedumbassery, Kerala 683111",Nedumbassery,8592915000,4,3.85,?1000-2000,Veg Noodles,Chicken Biriyani,95000,8000,Sunday
OVA Restaurant,"596P+39J, Airport Rd, opp. Cochin International Airport, Nedumbassery, Kerala 683111",Nedumbassery,099463 00334,3.8,3.5,?500-1000,Beef Fry,Mixed Fried Rice,100000,9500,Saturday
Tasty Ride Restaurant,"Nedumbassery, Kerala 683111",Nedumbassery,9856437210,4.3,4,?1000-2000,Fish Molee,Schezwan Egg Noodles,74000,5000,Wednesday
Noushad hotel,"4C5H+F6W, Marampally, Kerala, India",Marampilly,9876543210,2.87,2.5,?0-500,Idli Sambhar,meals,53000,650,Monday
